Date,Tasks,Category,Time,Task Code,Portfolio,Impact,Role Expectations,Notes, Sr. Director Comments
"November 20, 2025",Created diary to provide perspective of my focus and impact,Doer,15 min,General Admin,Assortment,Medium,Personal or Professional Growth,Relearned some excel tips and started think how this tool might help me prioritize the work or types of work I am doing. I have shared this with the PD Managers.,
"November 20, 2025",Item Availability Whiteboarding Session,Collaborator,2 hr,ProjEx — OKR / Discovery & Agile Ceremonies,Assortment,High,Focus on the why and the what,Contributed to the conversation to help define discovery; supported note taking and organizing of the discussion content. Helped defined space for Goals; Now>Next>Later,
"November 20, 2025",Assortment Experience Overview w/ 3-year Roadmap,Enabler,1 hr,ProjEx — OKR / Discovery & Agile Ceremonies,Assortment,High,Strategy documentation and communication,"Presentation Design Review and Storytelling support with Krista Carter. This presentation will be used by Jon, Rick, and I as we provide context of our space and support Capital Discussions.",
"November 20, 2025",AI Driver's License (Continue),Doer,30 min,Training — Corp / Personal Dev,Other,Medium,Personal or Professional Growth,"Coninuting through Generative AI Foundations (Pluralsight). It is ok from a general training. I feel the courses I took through Coursera/Vanderbilt were more informative and had examples or direct application for my role (What it is, Prompt Engineering, Problem Framing, Deep Research, Synthesis, and Product Req. Doc creation)",
"November 20, 2025","1:1s (Lia, Nina, Colin, Miranda, David)",Enabler,2 hr,General Admin,S/I/A,Medium,Capacity multiplication,"Supporting the understanding of the work; the product strategy; Recaps from Effort Estimation; Coaching & mentorship (FTEs), Cascade (and/or) reiterate Information from HR/Leadership",
"November 20, 2025",MX CapX Review,Collaborator,30 min,General Admin,S/I/A,Low,Finance and Accounting,Review Capx - Discuss Plans,
Week of 11/24,,,,,,,,,
"November 24, 2025",1:1s (Michelle P),Facilitator,1.5 hr,General Admin,Assortment,High,Capacity multiplication,Supporting Michelle in Assortment and PM/PD Partnerships,
"November 24, 2025",Discovery Process,Collaborator,1.5 hr,ProjEx — OKR / Discovery & Agile Ceremonies,MX/SC,Medium,Focus on the why and the what,"Set a framework for discovery (Planning, process, outcomes, training)",
"November 24, 2025",1:1s (Liane - KTD Mentee Connect),Enabler,1.5 hr,General Admin,Other,High,Capacity multiplication,Mentor/Mentee 1st Connect,
"November 24, 2025",Assortment Leads Meeting,Collaborator,30 min,General Admin,Assortment,Medium,Build bridges not silos,"Connecting with Jon and Rick on Budget, Strategy, Needs for Assortment.",
"November 24, 2025",SACP - Strategic Assort. Channel Planning — Sprint Review,Collaborator,1 hr,ProjEx — OKR / Discovery & Agile Ceremonies,Assortment,Low,Focus on the why and the what,Review Sprint progress and updates for next sprint. Focusing on needs to ensure we finish the quarter strong. Seeking clarity on PD resource needs for UI and Change Management.,
"November 24, 2025",S/I/A - Admin / Org & Management,Doer,30 min,ProjEx — OKR / Discovery & Agile Ceremonies,S/I/A,Medium,Focus on the why and the what,"Reviewing and working on tasks & asks.
- Effort Estimation & confirming [Design] Epics are in Productboard
- Team & Resource planning - catching up on poss. team impacts
- Review Timesheets, ProjExp & Capital tasks & Admin
- PD/UR All Hands - confirm speakers for MX/SC & Shared Services
- Contractor Renewal (avoid termination from network)",
"November 24, 2025",Item Roadmap - Early Discussions,Collaborator,15 min,ProjEx — OKR / Discovery & Agile Ceremonies,Item,High,Strategy documentation and communication,"Early discussions coming out of Capital Discussions and Discovery Framework. HMW see the bigger picture of Item? (What are we doing, why, impact, prioritization, team planning, project scoping)",
"November 24, 2025",Assortment Analytics,Enabler,15 min,Capital Expenses — The Work/Flows/Prototype,Assortment,Medium,Direction not delivery,"Backlog and goal understanding, working with Jeremy Harkins (PM) to map needs to resources. Scheduled a meeting for Dec 3 w/Rob, Matt, Jeremy, Andrew to align resources to needs.",
"November 25, 2025",Item Watchtower Sprint Review,Enabler,30 min,ProjEx — OKR / Discovery & Agile Ceremonies,Item,Medium,Focus on the why and the what,Item Watchtower Sprint Review - Uplift and celebrate the wins -,
"November 25, 2025",Assortment - Storytelling,Collaborator,30 min,Capital Expenses — The Work/Flows/Prototype,Assortment,Medium,Strategy documentation and communication,"Collaborating and contributing to help storytelling of the Assortment portfolio. Reviewing content, providing guidance and support on content and visuals.",
"November 25, 2025",Org Planning - Capactiy,Doer,30 min,General Admin,S/I/A,High,Capacity multiplication,"Getting a step ahead on looking across all the teams. We are already shared resources across teams and the ask is for more PDs to support Item Data or even help facilitate all Discoveries in Item (I need to show a view of team resource allocation, capacity as well as resource need/fit.",
"November 25, 2025","Completed Courses in Pluralsight
• Excel Foundations
• Excel Copilot",Doer,1 hr,Training — Corp / Personal Dev,Other,High,Personal or Professional Growth,"This is a course I started early in the year as my PMs and Eng leads use Excel to communicate (Capacity, Funding, etc). I have wanted a way to get a refresher to help with my ability to contribute or communicate in Excel, as well use Copilot AI in Excel",
"November 25, 2025","1:1 (Michael, Lindsey)",Doer,1 hr,General Admin,S/I/A,Medium,Focus on the why and the what,"MH: 1:1 - Covered Loop 1:1 doc; Manager Diary; Master Experience Designer Training; Flexibility
Lindsey C 1:1 - Covered updates on SACP; I inqured on ""RBP Groups"" as Price Strategy changed that terminology when working with CMs - Enterprise Price Groups (EPG). I want to ensure we are communicating consistently across platforms.",
Nov 26 - 28,PTO & Holiday 🦃,,,,,,Other,,
Week of 12/01,,,,,,,,,
"December 1, 2025",MX PD Meeting (Survey),Facilitator,15 min,General Admin,MX/SC,Medium,Capacity multiplication,"Gina, Rob and I are seeking to continue the MX PD Meeting (including new SC PDs) We seek feedback on the value, cadence, and topics.",
"December 1, 2025",PD Mid-Year Review Surveys,Facilitator,1 hr,General Admin,S/I/A,Medium,Capacity multiplication,KTD did not conduct mid-year reviews. I along with other managers have created a short survey to request stakeholder feedback in order to mitigate recency bias and provide our associates with constructive feedback on their performance to date.,
"December 1, 2025",KTD PD Peer Pairing,Collaborator,30 min,General Admin,KTD,Medium,Build bridges not silos,"Introductory meeting with Amy Dalton as part of a PD Pairing Program in KTD. My hope is to connect more with Amy to help with my personal growth, but also in support with resources and training opportunities for PDs.",
"December 1, 2025",Admin: Email; Timesheets; Calendar clearing,Doer,30 min,General Admin,MX/SC,High,Capacity multiplication,Seeking to clear my calendar in order to focus this week and into the rest of the month. Timesheet Approval and tracking down timesheet info from Tyler; Email Read/Delete.,
"December 1, 2025",Assortment Leads Meeting,Collaborator,30 min,General Admin,Assortment,High,Focus on the why and the what,"Connecting with Jon and Rick on Budget, Strategy, Needs for Assortment.",
"December 1, 2025",Discovery Process,Collaborator,1 hr,ProjEx — OKR / Discovery & Agile Ceremonies,KTD,Medium,Focus on the why and the what,Reviewing discovery process and helping collate all the sourced content to help our teams define and document discovery and outcomes. Connecting with Liz Reed and Mary Deelsnyder this week.,
"December 1, 2025",Love + Work Training (PM),Doer,1.5 hr,Training — Corp / Personal Dev,KTD,¯\_(ツ)_/¯,Focus on the why and the what,"Started reading the book for Experience Design Training, Love + Work. First 30pgs, but also referenced Strengths Finder 2.0 & Strengths Based Leadership. I logged into Gallup to find my old reports.",
"December 2, 2025",Note: WFH - Winter Storm,,,,,,,,
"December 2, 2025",Love + Work Training (PM),Doer,30 min,Training — Corp / Personal Dev,KTD,¯\_(ツ)_/¯,Focus on the why and the what,"Started reading the book for Experience Design Training, Love + Work.",
"December 2, 2025",1:1 Nina - Getting Unstuck,Facilitator,30 min,General Admin,Assortment,High,Capacity multiplication,"Nina is feeling ""stuck"" with work and WFA. I worked with her using some 5-whys and ""curious questions"" to help draw out where she is feeling stuck. We discussed pathways to help elevate her view, refocus on alternate work, or to help understand where she is stuck (pull in a PD partner, work on personal development, work on the 3-yr roadmap of WFA, and more.",
"December 2, 2025","""MX"" PD Leads connect",Collaborator,30 min,General Admin,MX/SC,Medium,Build bridges not silos,"Gina, Rob and I meet 2x a month to stay connected in our spaces across ""MX"". Topics: MX PD Meeting, Resource Planning, Individual or Team Support.",
"December 2, 2025",Misty / Tom - Item Connect,Collaborator,30 min,ProjEx — OKR / Discovery & Agile Ceremonies,Item,High,Strategy documentation and communication,Discussing Item Roadmap; MXC > Switchboard found issue,
"December 2, 2025",Jessica Blackwell Connect,Collaborator,30 min,ProjEx — OKR / Discovery & Agile Ceremonies,MX/SC,Medium,Focus on the why and the what,Working with Jessica on Strategic Planning & Ops for Product Delivery & OKRs. We also connect to help make more connections across MX/SC and KTD,
"December 2, 2025",Mindfuel - AI Connect,Doer,30 min,Training — Corp / Personal Dev,KTD,Medium,Personal or Professional Growth,AI > MCP Server Overview - Format of Mindfuel is to learn about Kroger advancements in using AI and how our teams can learn about tools we can use.,
"December 2, 2025",MX/SC Virtual Listening Session,Collaborator,1 hr,General Admin,MX/SC,Medium,Build bridges not silos,Sitting in on the Listening Session in hopes to understand the perspectives of other Associates across the Pillar.,
"December 2, 2025",Design Templates for Review and Questions,Collaborator,30 min,General Admin,MX/SC,Medium,Strategy documentation and communication,"Helping provide examples of templates our teams use for Problem and Solution Discovery, and Product Delivery",
"December 2, 2025",Product Board - Review,Doer,15 min,ProjEx — OKR / Discovery & Agile Ceremonies,S/I/A,High,Focus on the why and the what,Reviewing [Design] Epics for teams in S/A/I. I have connected with Liz and inquired about a view of just my areas for easy access and review.,
"December 2, 2025",Steven Steiner - IME Discussion,Collaborator,30 min,¯\_(ツ)_/¯,Item,High,Focus on the why and the what,"Steven will be going on leave soon. This connect was to help understand the scope of his current workload, handoffs, and team needs while he is out.",
"December 3, 2025","""Discovery"" Discussion w/ Design Ops",Collaborator,30 min,ProjEx — OKR / Discovery & Agile Ceremonies,MX/SC,Medium,Focus on the why and the what,"Meeting with Liz Reed and Mary Deelsnyder to walk through the Problem Statement and current efforts in Item regarding Problem and Solution Discovery (Resources, References, Training, Consistency, Effectiveness)",
"December 3, 2025",1:1 Lia - Supplier Hub,Facilitator,30 min,General Admin,Supplier,Medium,Capacity multiplication,"Meeting with Lia Slaton - Weekly 1:1. Topics: ProductBoard, Discoveries; Personal Development",
"December 3, 2025",Assortment Analytics - Resourcing,Facilitator,30 min,Capital Expenses — The Work/Flows/Prototype,Assortment,High,Direction not delivery,Setting up time to align resources to Assortment Analyics (PowerBi). The work is moving from Matt M > Andrew K. I have worked with Jeremy Harkins (PM) to help identify product & delivery needs and time estimates for a PD resource.,
"December 3, 2025",PD Team Charter,Collaborator,1 hr,General Admin,MX/SC,High,Strategy documentation and communication,Contributed to the Purpose Statement and the What (deliverables & activities) sections,
"December 3, 2025",1:1 David O - Item Watchtower,Facilitator,30 min,General Admin,Item,Medium,Focus on the why and the what,"Discusssing current workload, Effort Estimation & Product Board, Needs & Blockers",
"December 3, 2025",Love + Work Training (PM),Doer,,Training — Corp / Personal Dev,KTD,Medium,Capacity multiplication,Continue reading the book Love + Work,
"December 3, 2025",Assortment Stakeholder Map,Collaborator,15 min,ProjEx — OKR / Discovery & Agile Ceremonies,Assortment,Medium,Strategy documentation and communication,Jon is working on a stakeholder map as a communication tool. Contributed design and content feedback,
"December 4, 2025",Item Stakeholder Map,Collaborator,30 min,ProjEx — OKR / Discovery & Agile Ceremonies,Item,High,Strategy documentation and communication,"Starting from the map from Jon, I am creating a similar visual for Item to work with Emilia and Misty. I have started working with Misty as this will be a big value for viewing our space and make sure we are aligned with our users, stakeholders, and exec sponsors.",
"December 4, 2025",1:1 - Michelle P. - Switchboard,Facilitator,30 min,General Admin,Assortment,High,Capacity multiplication,Topics: Support Michelle in an ongoing Modality topic & PM Partnership; Mid-Year Review; MyInfo Updates; Discovery Proposal.,
"December 4, 2025",Item Portfolio Review $$$,Doer,30 min,General Admin,Item,¯\_(ツ)_/¯,Finance and Accounting,Review current P10 Forecast and Budget. We had an initial review of the Investment to Value report. I did mention to the group that PD will be contributing to that report based on upcoming Jira Training and our [Design] Epics in Product Board.,
"December 4, 2025",Q3 OKR Retro,Collaborator,1 hr,ProjEx — OKR / Discovery & Agile Ceremonies,Item,Medium,Strategy documentation and communication,Retro with Item Team on how the Q3 OKR Planning and format aided (or hindered) OKR Planning. Next steps discuss a more refined approach (simplify).,
"December 4, 2025",Note: 1/2 Day PM - H&W,,,,,,,,
"December 5, 2025",Review Associate Cost Center for 2026 Budget,Doer,15 min,General Admin,S/I/A,Medium,Finance and Accounting,Reviewed and confirmed with Adam Shaw the Associate information for 2026 Budget,
"December 6, 2025",Experience Design Training,Doer,1 hr,General Admin,KTD,Medium,Personal or Professional Growth,Continue reading the book Love + Work,
"December 6, 2025",Add PD Template Files,Doer,15 min,General Admin,MX/SC,High,Strategy documentation and communication,Added more files to submit for review (figma docs),
"December 6, 2025",Assortment Portfolio Review,Doer,30 min,General Admin,Assortment,Medium,Finance and Accounting,Review Assortment's Forecast for P10.,
"December 6, 2025","1:1 Jerad, Miranda, Nina",Facilitator,1 hr,General Admin,Item,High,Capacity multiplication,"Topics: ...
Jerad: Sath & IME; Research w/Tracy for IME; Book - Irresistable Change.
Nina:
Miranda: ...",
"December 6, 2025",Discovery Planning for Item UPCs w/ Misty,Collaborator,2 hr,ProjEx — OKR / Discovery & Agile Ceremonies,Item,High,Focus on the why and the what,Pre-plan discovery for UPCs. Problem Statement; Needs & Outcomes. I set up a mural; sourced background research; and will assist Misty in making connections in the KSSC.,
"December 6, 2025",Item - Team Mapping; Item Setup Discovery w/Emilia,Collaborator,30 min,ProjEx — OKR / Discovery & Agile Ceremonies,Item,High,Focus on the why and the what,Working with Emilia to map how our PDs map to Experiences and Data Teams. This will help to align or find resources to support Discovery and 3-legged partnerships.,
"December 5, 2025","""Lunch w/Pischl"" - Group meeting across Teams",Collaborator,30 min,General Admin,S/I/A,Low,Build bridges not silos,"Jon hosts a weekly meeting over lunch - open invite where we discuss topics in our space, lean on each other for questions and support. Today was regarding past work with CSD Team and Nick H.",
"December 6, 2025",Support ask from Sam - CSD Team,Doer,15 min,General Admin,S/I/A,¯\_(ツ)_/¯,Strategy documentation and communication,"Sam is inquiring on past work from Nick Hawes. I dug into background Loops, supplied references and connected her with Rob Sloan.",
Week of 12/08,,,,,,,,,
"December 8, 2025",Training: Experience Designer,Doer,8 hr,General Admin,KTD,High,Personal or Professional Growth,Initial training on content. Store walk & shop challenge; Presentation from our findings.,
"December 8, 2025","Admin (timesheets, Emails, Team support)",Doer,1 hr,General Admin,S/I/A,Medium,Direction not delivery,Review / Approve Timesheets; Emails; Answer team member questions.,
"December 9, 2025",Training: Experience Designer,Doer,4 hr,General Admin,KTD,High,Personal or Professional Growth,Present to the group; Final training material & Next steps. Continue with chapters in the book Love + Work.,
"December 9, 2025",Item Pre-Discovery,Collaborator,30 min,ProjEx — OKR / Discovery & Agile Ceremonies,Item,High,Focus on the why and the what,"Continued pulling resources (background, context, outcomes, use cases) for the UPC Change Discovery; email to stakeholder for user ""experts"" for research/discovery.",
"December 9, 2025",1:1 Lindsey,Facilitator,45 min,General Admin,Assortment,High,Capacity multiplication,Discusss SACP; Lindsey also has thoughts and concerns from the Town Hall she needed to discuss.,
"December 9, 2025",1:1 Rob M,Collaborator,15 min,General Admin,MSCX,High,Capacity multiplication,"Rob discussing team/org changes, I gained some perspective from the town hall.",
"December 9, 2025",3rd Party App - Panel & Topic,Collaborator,30 min,General Admin,KTD,High,Focus on the why and the what,"Intro discussion with Sarah and Michael on 3rd Party apps and the role of UR & PD. Next steps working with Sarah on a plan, presentation for Mindy.",
"December 10, 2025",ITEM UPC Change Discovery,Collaborator,30 min,ProjEx — OKR / Discovery & Agile Ceremonies,Item,High,Focus on the why and the what,Reached out to Tracy Jerard for context of research she is conducting on PID which the UPC Change process came up. Adding references to Mural.,
"December 10, 2025",S/I/A - Team Meeting Planning,Facilitator,30 min,General Admin,S/I/A,Medium,Capacity multiplication,Meeting agenda; Mural w/ Activities for Team,
"December 10, 2025",Item Research - Emilia / Tom / Tracy,Facilitator,30 min,ProjEx — OKR / Discovery & Agile Ceremonies,Item,High,Build bridges not silos,Connecting Emilia with Tracy regarding research conducted in Item Data. Emilia has concerns her team is working without background or support from research.,
"December 10, 2025",1:1 - Lia S,Facilitator,30 min,General Admin,Supplier,High,Focus on the why and the what,"Discuss current Discovery on Supplier Hub, Current growth and Development. Support Needs.",
"December 10, 2025",IME Hierarchy Sprint Review,Doer,30 min,ProjEx — OKR / Discovery & Agile Ceremonies,Item,Medium,Focus on the why and the what,Overview of Sprint X for IME Hierarchy,
"December 10, 2025",Stakeholder Maps S/I/A,Enabler,15 min,ProjEx — OKR / Discovery & Agile Ceremonies,S/I/A,High,Strategy documentation and communication,Working on updated stakeholder maps for S/I/A Portfolios. I am modifying a template from Jon P and having my team leads and PMs support the addition of references.,
"December 10, 2025",1:1 Beth Gray,Facilitator,30 min,General Admin,MSCX,Medium,Build bridges not silos,Beth and I retain a connection from both a former manager and ability to connect our portfolios and teams.,
"December 10, 2025",1:1 Colin J,Facilitator,30 min,General Admin,Item,Medium,Capacity multiplication,Topics: Family Tree WIP; Support Needs,
"December 10, 2025",KOMPASS WFA Sprint Review,Collaborator,30 min,ProjEx — OKR / Discovery & Agile Ceremonies,Assortment,Medium,Focus on the why and the what,"Sprint Review - Understand progress, next steps and PD Support needs
Pulled sample from agenda:
- Calendar Modify/Delete/Publish designs (Nina, 5 mins)
Program status update (Alicia, 5 mins)-",
"December 10, 2025",Sam / Tom - Connect,Collaborator,30 min,Capital Expenses — The Work/Flows/Prototype,Item,Medium,Focus on the why and the what,1:1 with Sam - I do have questions to run past her on the Discovery work that Emilia and Misty have proposed. Gain her perspective and review a mural I set up.,
"December 10, 2025",Assortment Leads Meeting,Collaborator,30 min,General Admin,Assortment,Medium,Build bridges not silos,"DIscuss team needs and updates across the space. (Launchpad - new, SACP, WFA, SFP)",
"December 10, 2025",Mid-Year Reviews - Review Feedback,Doer,30 min,General Admin,S/I/A,Medium,Capacity multiplication,Pulling feedback for team members. Assessing feedback and reaching out to those I am still seeking feedback for team members.,
"December 11, 2025",Item x SACP - Collab/Overview,Collaborator,30 min,ProjEx — OKR / Discovery & Agile Ceremonies,S/I/A,Medium,Build bridges not silos,Discuss the opportunity for a workflow/connection between data of SACP and Item Setup.,
"December 11, 2025",Overview & Stakeholder Maps,Doer,15 min,ProjEx — OKR / Discovery & Agile Ceremonies,S/I/A,Medium,Strategy documentation and communication,Updating documentation based on conversations between SACP & Item,
"December 11, 2025",MSCX - Town Hall,Collaborator,45 min,General Admin,MSCX,Medium,Build bridges not silos,Attendee and chat contributor to answer questions,
"December 11, 2025",Item Roadmap Meeting,Collaborator,1 hr,ProjEx — OKR / Discovery & Agile Ceremonies,Item,High,Focus on the why and the what,Weekly Roadmap Review of all the activities in Item.,
"December 11, 2025",1:1 Leo - Mentorship,Facilitator,30 min,Training — Corp / Personal Dev,MSCX,High,Personal or Professional Growth,"Topics: Role & Responsibilities, His focus, Concerns, Connection with others in KTD",
"December 11, 2025",Discovery Process for Item and Item Data,Collaborator,1 hr,ProjEx — OKR / Discovery & Agile Ceremonies,Item,High,Focus on the why and the what,Working with Emilia on our Discovery Overview to provide guidance for team members in Item - See confluence link,
"December 11, 2025",Connect with Product Ops / Strategy - Megan Bogenschutz,Collaborator,30 min,ProjEx — OKR / Discovery & Agile Ceremonies,MSCX,High,Build bridges not silos,Connecting with Megan on Knowledge gateway and our artifacts and documents.,
"December 11, 2025",Finance Discussion,Facilitator,15 min,ProjEx — OKR / Discovery & Agile Ceremonies,Item,High,Finance and Accounting,based on the roadmapping call we found contractors might not be billed to the right funding sources. Making adjustments.,
"December 11, 2025",1:1 Gina,Collaborator,30 min,General Admin,MSCX,Medium,,,
"December 12, 2025",Discovery Doc in Confluence,Collaborator,30 min,ProjEx — OKR / Discovery & Agile Ceremonies,S/I/A,High,Strategy documentation and communication,Created a template in Confluence. This will become a global template as a guide for teams in Item to kick-off discovery. Michael we should discuss.,
"December 12, 2025",Template review with Design Ops & PD Managers,Collaborator,1 hr,ProjEx — OKR / Discovery & Agile Ceremonies,MSCX,High,Strategy documentation and communication,Group discussion on documents and artifacts - aligned on a few Priority 1 examples,
"December 12, 2025",1:1 Sarah,Collaborator,30 min,General Admin,S/I/A,High,Focus on the why and the what,"Connect on Research, Tracy, Needs in S/I/A",
"December 12, 2025",1:1 Zach Thomas,Facilitator,30 min,General Admin,MSCX,Medium,Personal or Professional Growth,"Connected with Zach - he used to report to me. We discussed his new move, and work that he is doing.",
"December 12, 2025",Connect - Andrew Kohls,Facilitator,30 min,Capital Expenses — The Work/Flows/Prototype,S/I/A,High,Capacity multiplication,Topics: PowerBi and Venus. Andrew updating on progress and support needs (task code),
"December 12, 2025",Team Holiday Event,Collaborator,1.5 hr,General Admin,MSCX,¯\_(ツ)_/¯,Build bridges not silos,Secret Santa Team Culture Event,
"December 12, 2025",Miranda B - SNAP check-in,Facilitator,15 min,Capital Expenses — The Work/Flows/Prototype,Item,High,Capacity multiplication,"Supporting Miranda, understand what needs she may have during some tough SNAP challenges.",
"December 12, 2025",1:1 Nina,Facilitator,30 min,General Admin,Assortment,High,Capacity multiplication,"Topics: WFA; Launchpad, asked about what she loved this week, loathed, support needs.",
"December 12, 2025",Item Attributes - Mapping,Collaborator,30 min,ProjEx — OKR / Discovery & Agile Ceremonies,Item,High,Strategy documentation and communication,Misty is seeking some mapping of Item attributes needed to move and item through different parts of it's lifecycle. meeting to understand - see what support she may need or if the work fits in with antother team mapping all the maps 😩,
Week of 12/15,,,,,,,,,
"December 15, 2025",SNAP Call,Collaborator,1 hr,Capital Expenses — The Work/Flows/Prototype,Item,Low,Direction not delivery,New data model in Production and Smoke Test SNAP eligibility with effective dates. Supporting the team as they roll this out.,
"December 15, 2025",3rd Party Application Panel - working time,Collaborator,30 min,¯\_(ツ)_/¯,KTD,Medium,Capacity multiplication,Collaborate with Sarah on the presentation for 3rd Party Experiences. Made big progress - excited for how it is coming together.,
"December 15, 2025",Misty / Tom - Discovery; Mapping,Collaborator,30 min,ProjEx — OKR / Discovery & Agile Ceremonies,Item,High,Focus on the why and the what,worked with Misty to make updates on our mural prior to meeting with the broader team.,
"December 15, 2025",Assortment Leads Connect,Collaborator,15 min,General Admin,Assortment,High,Focus on the why and the what,Quick touchbase with Jon and Rick - Topic: I raised changes in Cost to ensure that we are not impacted for Cost/Margin data needs for SACP.,
"December 15, 2025",Item Attribution Work - Stakeholder Touch Base,Collaborator,1 hr,ProjEx — OKR / Discovery & Agile Ceremonies,Item,Medium,Focus on the why and the what,Business Stakeholder review of Item Attribution work and Sciences from 84.51º,
"December 15, 2025",UPC Change Discovery,Collaborator,30 min,ProjEx — OKR / Discovery & Agile Ceremonies,Item,High,Focus on the why and the what,UPC / Product ID Discovery Kickoff. We determined a gap immediately. We are adjusting the Discovery to conduct research and map the experiences by different business users.,
"December 15, 2025",Admin - Timesheet; ...,Doer,30 min,General Admin,S/I/A,High,Finance and Accounting,Approve Time / Manage time for New Task Codes for Andrew (work with OneView),
"December 15, 2025",Michelle P - Promo Reco,Doer,30 min,General Admin,Assortment,High,Capacity multiplication,Revising the promotion recommendation for Michelle Park. We have been pushing for this promotion for a while ...,
"December 16, 2025",Admin - Cascade: Jira,Doer,15 min,General Admin,S/I/A,High,Focus on the why and the what,Cascade upcoming Jira info and training to the S/I/A team. Answer questions that came up.,
"December 16, 2025",Design Ops - Office Hours,Doer,45 min,Training — Corp / Personal Dev,MX/SC,High,Personal or Professional Growth,I have questions about managing product board and how stories equate to $ investment to delivery. Follow-ups with Team member questions.,
"December 16, 2025",KTD Navigating Change,Doer,45 min,General Admin,KTD,¯\_(ツ)_/¯,Personal or Professional Growth,Attending for 2 topics - AI; Dev Day Updates;,
"December 16, 2025",1:1 Miranda - SNAP,Facilitator,30 min,General Admin,Assortment,High,Capacity multiplication,Connect with Miranda on SNAP Updates and how she is doing and support needs,
"December 16, 2025",Design Ops / PD Leads Connect,Collaborator,1 hr,Training — Corp / Personal Dev,KTD,Medium,Strategy documentation and communication,,
"December 16, 2025",Item UPC / Product ID - Discovery,Collaborator,1 hr,ProjEx — OKR / Discovery & Agile Ceremonies,Item,High,Focus on the why and the what,Continuation of Discovery for Item UPC,
"December 17, 2025",L&D Day: Training,Doer,1 hr,Training — Corp / Personal Dev,KTD,High,Personal or Professional Growth,"AI Drivers License
Love + Work - Reading (Experience Design)
Jira & Agile - Coursera Course (refresher)
Investment to Delivery Reporting: Connecting Technology Investments to Delivered Work",
"December 17, 2025",Cognizant Meeting,Doer,15 min,General Admin,S/I/A,Low,Build bridges not silos,Cognizant works in our Supplier area and has also supported Offers. Greg reached out to maintain the connection.,
"December 17, 2025",1:1 - Lia,Facilitator,30 min,ProjEx — OKR / Discovery & Agile Ceremonies,Supplier,Medium,Focus on the why and the what,"Topics: L&D; Supplier Hub Discovery (OOUX); Support Needs, and Discovery Wins!",
"December 17, 2025",1:1 - Chris Dickow (Eng),Collaborator,30 min,General Admin,Item,High,Build bridges not silos,Chris is within Item Data & Publishing - we are seeking to make better connections across our areas and find better ways to plan and prioritize our work.,
"December 17, 2025",Finance and Accounting,Collaborator,15 min,Capital Expenses — The Work/Flows/Prototype,Assortment,High,Finance and Accounting,Working with Tyler and Courtney to ensure a contractor's SOW is attributed to the right funding source (KFN Ocado),
"December 17, 2025",YE Feedback Requests,Doer,30 min,General Admin,KTD,High,Focus on the why and the what,submitting a few feedback requests as they start to flood my inbox. Supporting our associates with actionable feedback to support the What and How of how they have contributed in '25.,
"December 17, 2025",Sam - Connect on Item Data,Collaborator,15 min,ProjEx — OKR / Discovery & Agile Ceremonies,Item,Medium,Focus on the why and the what,Discussing and seeking context on some journey asks from a pm in Item.,
"December 17, 2025",Connect - Steven Steiner,Collaborator,45 min,General Admin,Item,High,Strategy documentation and communication,Discuss with Steven his IME work handoff deck as he goes on a 4-week parental leave. We discussed other work he is doing outside of IME. Discussed a presentation he is working on with David S for Vicki - IME/Modernization Story.,
"December 17, 2025",1:1 - Lindsey - SACP,Facilitator,30 min,General Admin,Assortment,Medium,Focus on the why and the what,Topics: SACP; Mid/YE Reveiew; L&D Day,
"December 18, 2025",Launchpad Discussion - Assortment Team,Facilitator,1 hr,ProjEx — OKR / Discovery & Agile Ceremonies,Assortment,Medium,Direction not delivery,"Launchpad is kicking off in Q1 - We are at a capacity issue on the team. I am working with Nina, Rob, Jay Leary on What is planned and Why? Expectations for Q1. Team Capacity. Knowns, Unknowns, and Concerns. Planning for Design Capacity in Jan/Early Feb.",
"December 18, 2025",Item Q1 OKR Planning Kickoff,Collaborator,1 hr,ProjEx — OKR / Discovery & Agile Ceremonies,Item,High,Focus on the why and the what,"Q1 Kickoff - Plan, Topics, Shared PDs that support or are on product teams in Item with Agile Delivery to ensure PDs are a part of the OKR Process.",
"December 18, 2025",1:1 Megan Richter,Collaborator,30 min,General Admin,KTD,Medium,Build bridges not silos,Maintaining mentorship connection - Connect on MSCX > CX Connections in the work.,
"December 18, 2025",1:1 Michelle Park - Switchboard,Facilitator,30 min,General Admin,Assortment,High,Focus on the why and the what,Michelle walked me through a user qualitative study she is working on based on a recent incident with Alcohol sales.,
"December 18, 2025",Discovery w/ Emilia (item),Collaborator,15 min,ProjEx — OKR / Discovery & Agile Ceremonies,Item,High,Strategy documentation and communication,standup with Emilia on the template checklist we are working on for Discovery. We provided updates on progress and next steps when we return from the Holidays.,
"December 19, 2025","PTO & Holidays
(Dec 19 - Jan 1)",,,General Admin,,,,,
"January 1, 2026",Holiday,,,General Admin,,,,,
"January 2, 2026",Review: Item Data Templates & Profiles ​,Collaborator,1.5 hr,ProjEx — OKR / Discovery & Agile Ceremonies,Item,High,Strategy documentation and communication,"Reviewing the Item Data Templates Discovery Overview by Sam Uhling and Mary Ewaldt. Reviewing the Discovery Template usage, but also the overview of the work within the Item Experience space.",
"January 2, 2026",1:1 - Matt Mitchell (1:1 & Assortment Reporting),Facilitator,30 min,General Admin,Assortment,Medium,Build bridges not silos,Topics: Assortment Analytics status & needs. Check-in with Matt,
"January 2, 2026","Admin - Email, Timesheets, Messages, Task Codes",Doer,1.5 hr,General Admin,MX/SC,Medium,ALL,Catching up from being out for 2 weeks. Requested a task code for Matt Mitchell - Seamless,
"January 2, 2026",Tech Sentiment Survey,Collaborator,15 min,ProjEx — OKR / Discovery & Agile Ceremonies,MX/SC,High,Focus on the why and the what,"Working with Jen Snyder on how we might be able to distribute the survey this month. Previously we have ad some hiccups with contractors, and distro lists.",
"January 2, 2026",Admin - Prep for Talent Calibration,Doer,2 hr,General Admin,Item,High,Capacity multiplication,"Setting up YE Reviews, Notes Docs, Sourcing fedback from previous managers.",
"January 2, 2026",Connect - Colin,Facilitator,30 min,Capital Expenses — The Work/Flows/Prototype,Item,High,Focus on the why and the what,"Topics: FoodHealthCo / Optup Discovery, Discovery Planning, Family Tree & Q2; Colin's capacity.",
"January 2, 2026",Admin - Distro List Updates,Doer,15 min,General Admin,S/I/A,Low,Other,Working with Emily Lilien to understand new process to update distribution lists that need updated.,
,,,,,,,,,
"January 5, 2026",Year End Reviews,Doer,1.5 hr,General Admin,S/I/A,Low,Other,Working to do intial write ups for team members,
"January 5, 2026",3-wins,Facilitator,30 min,Capital Expenses — The Work/Flows/Prototype,S/I/A,Medium,Focus on the why and the what,Sourcing wins from the team from 2025,
"January 5, 2026",Discovery Process - Review,Collaborator,1 hr,ProjEx — OKR / Discovery & Agile Ceremonies,Item,High,Strategy documentation and communication,Collaboration with Ryan and Emilia on a discovery framework document (template) in Confluence,
"January 5, 2026",SNAP - Discussion,Collaborator,30 min,ProjEx — OKR / Discovery & Agile Ceremonies,Item,High,Focus on the why and the what,Known issues with SNAP we need to find fixes for Eligibility in some states not shown on the provided lists or from the business.,
"January 5, 2026",Tech Sentiment Survey,Collaborator,1 hr,ProjEx — OKR / Discovery & Agile Ceremonies,MX/SC,High,Focus on the why and the what,Working with Jen and other managers to plan and deploy the Tech sentiment survey. I have also connected with Mike Murphy to seek is advocacy with this deployment.,
"January 5, 2026",Assortment Analytics - Task Codes and % Time,Facilitator,30 min,Capital Expenses — The Work/Flows/Prototype,Assortment,High,Finance and Accounting,Ensuring that the PDs working on these efforts have the right task codes and their working time (%) is known by Finance.,
"January 5, 2026",6 Types of Working Assessment - For Manager Meeting,Doer,30 min,General Admin,MX/SC,High,Personal or Professional Growth,Taking the Assessment,
"January 6, 2026",Portfolio Playbook - Confluence Review,Collaborator,30 min,Capital Expenses — The Work/Flows/Prototype,Item,High,Strategy documentation and communication,Collaborating with Ryan on a Confluence space for Item and Item Data. We want to clean up confluence and provide more organization for our teams.,
"January 6, 2026",Manager Meeting,Doer,4 hr,General Admin,MX/SC,High,Focus on the why and the what,Manager Meeting ... Multi-focus,
"January 6, 2026",5 Wins - shared with Michael,Doer,30 min,Capital Expenses — The Work/Flows/Prototype,S/I/A,High,Focus on the why and the what,Final drafting and confirmation with PMs on the wins and writeups. Message sent to Michael on the wins (top 5).,
"January 7, 2026",Manager Meeting,Doer,7 hr,General Admin,MX/SC,High,Focus on the why and the what,Manager Meeting ... Multi-focus,
"January 7, 2026",Update Promo Reco for MP,Collaborator,30 min,General Admin,KTD,High,Capacity multiplication,"Adjust copywriting, add KLMs, EUID",
"January 7, 2026",Item Data conversation with Marty,Collaborator,15 min,Capital Expenses — The Work/Flows/Prototype,Item,Medium,Build bridges not silos,Marty will be closer to the work I am doing based on his new shift. It will be good to work with him more.,
"January 8, 2026",Team Charter,Collaborator,45 min,Capital Expenses — The Work/Flows/Prototype,MX/SC,High,Focus on the why and the what,Stop/Start exercise and discussion with team members,
"January 8, 2026",1:1 & YE Rev. Miranda - request feedback,Facilitator,15 min,General Admin,Item,High,Capacity multiplication,"Design Epics, Catch up, SNAP, Q1 work incoming & request feedback for miranda - updated list",
"January 8, 2026",Roadmap Review – Deep Dives & Alignment,Collaborator,1 hr,ProjEx — OKR / Discovery & Agile Ceremonies,Item,Medium,Strategy documentation and communication,"Item Exp/Data - Food Health, and ongoing work",
"January 8, 2026",Assortment OKR & Roadmap,Collaborator,1 hr,ProjEx — OKR / Discovery & Agile Ceremonies,Assortment,Medium,Focus on the why and the what,Biweekly review and discussion,
"January 8, 2026",1:1 Emily R,Collaborator,30 min,General Admin,MXCX,High,Build bridges not silos,"topics on team, expenses, catch up on S/I/A",
"January 8, 2026",Item & Assortment (SACP) Connect,Collaborator,30 min,Capital Expenses — The Work/Flows/Prototype,S/I/A,Medium,Build bridges not silos,Early stage discussions on how ITEM and SACP connect,
"January 8, 2026",Assortment Leads Meeting,Collaborator,30 min,Capital Expenses — The Work/Flows/Prototype,Assortment,High,Build bridges not silos,"Discussion on Resources, Initiatives, and Budget/Forecast",
"January 8, 2026",Design Artifacts Connect,Collaborator,1 hr,ProjEx — OKR / Discovery & Agile Ceremonies,MXCX,High,Strategy documentation and communication,"Discussion and alignment on - Personas, Stakeholder Maps",
"January 8, 2026",[Design] epics in PB - Audit & Confirm,Doer,1 hr,¯\_(ツ)_/¯,S/I/A,High,Finance and Accounting,Pulled list from PB and matching with mural. Connecting with team members to confirm epics,
"January 9, 2026",Supplier Discussion w/Vicki,Collaborator,15 min,ProjEx — OKR / Discovery & Agile Ceremonies,Supplier,Medium,Finance and Accounting,"Seeking to understand the complexities of the Supplier Team, How it is funded, and how it is split (people).",
"January 9, 2026",Kara H - 1:1,Collaborator,30 min,General Admin,KTD,Medium,Build bridges not silos,Connecting with Kara on CX and the areas I manage. Understanding more how her teams are shared resources to the work.,
"January 9, 2026",Lia - 1:1,Collaborator,30 min,General Admin,Supplier,Medium,Capacity multiplication,WFA; Personal Development; YE Review Thoughts,
"January 9, 2026",Nina - 1:1,Collaborator,30 min,General Admin,Assortment,Medium,Capacity multiplication,Supplier Hub Discovery; PowerBI; Personal Development; YE Review Thoughts,
"January 9, 2026",Andrew K - Koncert Feedback,Doer,15 min,General Admin,Item,Medium,Capacity multiplication,Survey feedback for Andrew that we supply to Koncert.,
"January 9, 2026","Merch Dependability w/ Jon and Stichweh
Merch Dependability — Work Session with Merch Leads",Collaborator,1.5 hr,Capital Expenses — The Work/Flows/Prototype,Assortment,High,Focus on the why and the what,"Current issue in the topic of ""Merch Dependability""; The funding and what it is that MSCX Assortment is doing in support of that work.
Meeting with Merch Org Leaders to align on understanding of Merch Dependability and the work that aligns to it.",
"January 12, 2026",3rd Party Applications Planning,Collaborator,45 min,General Admin,MX/SC,High,Focus on the why and the what,Continued work on the presentation outline and discussion guide with Sarah,
"January 12, 2026","YE Review Requests (Rick, Jen, Emily)",Doer,1.5 hr,General Admin,MX/SC,High,Capacity multiplication,Complete requests from managers,
"January 12, 2026",Visual for Item x SACP,Facilitator,30 min,Capital Expenses — The Work/Flows/Prototype,S/I/A,High,Direction not delivery,Creating a visual to help communicate the front-stage item setup to assortment. The goal is to have engineering or architects to add the data flows.,
"January 12, 2026",Design Epic Audit and Review,Doer,15 min,General Admin,S/I/A,High,Strategy documentation and communication,Reviewing [Design] Epics to help communicate where our teams are with Design Epics.,
"January 12, 2026",1:1 Suresh,Collaborator,15 min,General Admin,S/I/A,Medium,Build bridges not silos,Monthly check-in with Suresh - maintaining connection,
"January 12, 2026",Assortment Leads Connect,Collaborator,30 min,General Admin,Assortment,Medium,Build bridges not silos,Jon & Rick - Assortment team and budget planning,
"January 12, 2026",Item Stakeholder Mtg,Collaborator,1 hr,ProjEx — OKR / Discovery & Agile Ceremonies,Item,Medium,Direction not delivery,"Meeting with our Item stakeholders - product delivery status, roadmap review, support and asks.",
"January 12, 2026",Sam - Connect - Item Data,Collaborator,30 min,Capital Expenses — The Work/Flows/Prototype,Item,High,Strategy documentation and communication,"1:1 with Sam - discussing item - assortment visual, her job role/description, and general check-in and support.",
"January 12, 2026",Rob Sloan - 1:1,Collaborator,30 min,General Admin,Item,High,Capacity multiplication,Rob notes monitor need; discuss his workload,
"January 13, 2026",Talent Calibration ratings and Feedback,Doer,2 hr,General Admin,S/I/A,High,Capacity multiplication,Submitted initial ratings. Submitted and or drafted YE feedback.,
"January 13, 2026",Lindsey 1:1,,45 min,General Admin,Assortment,High,Focus on the why and the what,Discuss SACP; support needs; professional growth,
"January 13, 2026",Supplier Hub Replacement - Discuss,,30 min,ProjEx — OKR / Discovery & Agile Ceremonies,Supplier,High,Focus on the why and the what,current state of discovery; RFI; Team status and support needs,
"January 13, 2026",Assortment - Stakeholder Connect,,1 hr,Capital Expenses — The Work/Flows/Prototype,Assortment,High,Build bridges not silos,Met with Chadd St Clair - new Director of Merch Ex.; Provided overview of Assortment and our key initiatives; State of Funding and asks,
"January 13, 2026",YE Assessments,Doer,1.5 hr,General Admin,S/I/A,High,Capacity multiplication,Drafting YE Reviews and reviewing survey submissions,
"January 13, 2026",Effort Estimation - Kickoff,Collaborator,30 min,ProjEx — OKR / Discovery & Agile Ceremonies,MX/SC,Medium,Focus on the why and the what,Kickoff with DesignOps,
"January 13, 2026",SACP - Dig into a question from PM,Collaborator,30 min,Capital Expenses — The Work/Flows/Prototype,S/I/A,High,Direction not delivery,Digging into a request on Vendor Credentialing - Unfamiliar,
"January 13, 2026",Michelle P - 1:1,Facilitator,30 min,General Admin,Assortment,High,Capacity multiplication,Discuss Assortment work and future work; discuss ye review (request to submit associate assessment) & growth areas she is seeking,
"January 14, 2026",IME x SACP Visual,Collaborator,30 min,Capital Expenses — The Work/Flows/Prototype,S/I/A,High,Focus on the why and the what,Review draft visual; provide feedback and next steps,
"January 14, 2026",Discovery Template - Item,Collaborator,1 hr,ProjEx — OKR / Discovery & Agile Ceremonies,MX/SC,High,Strategy documentation and communication,"review confluence template for ""finalization"", Review teams that are currently using the template.",
"January 15, 2026",Item - SACP Visual,Collaborator,15 min,Capital Expenses — The Work/Flows/Prototype,S/I/A,High,Strategy documentation and communication,Final review and suggestion for documentation,
"January 15, 2026",Item Roadmap Review,Collaborator,1 hr,ProjEx — OKR / Discovery & Agile Ceremonies,Item,Medium,Strategy documentation and communication,Roadmap review of Profiles (Sam / Michelle),
"January 15, 2026",YE Review,Doer,1 hr,General Admin,KTD,High,Personal or Professional Growth,Drafting my YE Assessment,
"January 15, 2026",1:1s & Connects (Jerad; Colin),Facilitator,1 hr,General Admin,S/I/A,High,Personal or Professional Growth,,
"January 15, 2026",1:1 Misty,Collaborator,30 min,Capital Expenses — The Work/Flows/Prototype,Item,Medium,Focus on the why and the what,"Seeking understanding of CFIC, Family Tree & IME. Seems soem concern on the roadmap.",
"January 15, 2026",Effort Estimation Overview for PDs,Facilitator,30 min,ProjEx — OKR / Discovery & Agile Ceremonies,S/I/A,Medium,Strategy documentation and communication,Kickoff with S/I/A PDs for Effort Estimation ask from Design Ops,
"January 16, 2026",1:1 Brian Cox,Collaborator,30 min,General Admin,MX/SC,Medium,Build bridges not silos,Re-connect with Brian on Offers work completed in '25 as part of what I helped guide when managing and collaborating with that team.,
"January 16, 2026",Item OKR Planning session #2,Collaborator,30 min,ProjEx — OKR / Discovery & Agile Ceremonies,Item,Medium,Focus on the why and the what,Review OKRs by Teams in Item Data and Item Experience,
"January 16, 2026",YE Review / Assessment Focus,Collaborator,2 hr,ProjEx — OKR / Discovery & Agile Ceremonies,Item,High,Capacity multiplication,Reached out to Lia's former manager. Finalized my YE Assessment.,
"January 19, 2026",KCC - Interview on Manual Processes,Collaborator,33 min,ProjEx — OKR / Discovery & Agile Ceremonies,Item,Medium,Strategy documentation and communication,Emily is seeking information on Item & Assortment; understanding our roadmaps and how we are managing or reducing manual processes,
"January 19, 2026",Timesheets,Doer,30 min,General Admin,S/I/A,Medium,Focus on the why and the what,"Time, Time, Time, what has become of me?",
"January 19, 2026",1:1 Miranda,Doer,30 min,Capital Expenses — The Work/Flows/Prototype,Item,Medium,Capacity multiplication,"Good Connect on SNAP, Miranda's needs for her role and development.",
"January 19, 2026",Assortment Leads Connect,Doer,45 min,Capital Expenses — The Work/Flows/Prototype,Assortment,Medium,Finance and Accounting,Discuss changes in our space. Understand finance - what is known for funding.,
"January 19, 2026",YE Review Assessments,Doer,1.5 hr,General Admin,MX/SC,High,Capacity multiplication,Continue reviewing feedback and drafting responses,
"January 19, 2026",Intern response,Doer,15 min,General Admin,S/I/A,Medium,Capacity multiplication,email to Carlee Crooks for a Summer Intern,
"January 19, 2026",Effort Estimation S/I/A,Doer,45 min,ProjEx — OKR / Discovery & Agile Ceremonies,S/I/A,High,Direction not delivery,Review current submissions. Helped a team member understand the expectatioins,
"January 19, 2026",Taxonomy Merch Data Discussion,Doer,45 min,Capital Expenses — The Work/Flows/Prototype,Item,Medium,Focus on the why and the what,Review a mural with Colin. I asked questions to help further support my understanding of CFIC and Family Tree.,
"January 19, 2026",Chelsea 1:1,Doer,30 min,General Admin,MX/SC,Medium,Capacity multiplication,Catch up with Chelsea. Learned of her new moves and mentor,
"January 19, 2026",3rd Party Prep & DIscussions,Doer,1.5 hr,General Admin,KTD,Medium,Focus on the why and the what,"Collab with Sarah, Interview Matt Mitchell",
"January 20, 2026",Email :(,Doer,30 min,General Admin,KTD,¯\_(ツ)_/¯,All of the Above,did not take a break to check email - 40+ emails in email box,
"January 20, 2026",Follow-up on Emails and Oneview,Doer,30 min,General Admin,S/I/A,Medium,Finance and Accounting,"APT requests, Email responses for request",
"January 20, 2026",Sprint Review,Collaborator,30 min,ProjEx — OKR / Discovery & Agile Ceremonies,Item,Medium,Focus on the why and the what,Item Watchtower Sprint Review,
"January 20, 2026","""MX"" PD Leads connect",Collaborator,30 min,General Admin,MX/SC,Medium,Focus on the why and the what,"Discuss our Portfolios, Updates, Efforts for Q1",
"January 20, 2026",KTD All Hands,Doer,1 hr,General Admin,Item,Medium,Focus on the why and the what,Learned about incoming focus for associate learning; How leadership is focused on associate feedback,
"January 21, 2026",Assortment Q4 OKR Review,Doer,30 min,ProjEx — OKR / Discovery & Agile Ceremonies,Item,Medium,Focus on the why and the what,Provided PD updates / asks for PD. Review Q4 final deliverables,
"January 21, 2026",Lia 1:1,Facilitator,30 min,General Admin,Item,High,Focus on the why and the what,"Need to update vicki on the complexities the Reorg had on Supplier (stakeholder and org alignment, funding, okr planning)",
"January 21, 2026",AI Drivers License,Doer,45 min,Training — Corp / Personal Dev,KTD,Medium,Personal or Professional Growth,1.3 Video viewing and PRe and Post assessments,
"January 21, 2026",Effort Estimation,Collaborator,30 min,ProjEx — OKR / Discovery & Agile Ceremonies,S/I/A,Medium,Focus on the why and the what,Discuss effort estimation with team members. Offering Office Hours to help with the new asks,
"January 21, 2026",YE Feedback - Miranda,Doer,30 min,General Admin,Item,Medium,Capacity multiplication,Complete & Submitted in myInfo,
"January 21, 2026",Item x SACP Biweekly Connect,Collaborator,30 min,Capital Expenses — The Work/Flows/Prototype,S/I/A,Medium,Build bridges not silos,Discuss mapping from item setup to sacp,
"January 21, 2026",3rd Party PD Interview :: Nina,Collaborator,30 min,ProjEx — OKR / Discovery & Agile Ceremonies,Assortment,Medium,Focus on the why and the what,Understand Nina's perspective working in Appian comparative to the KTD grown product experiences,
"January 21, 2026",Q1 Planning - Item - Prioritizatioin,Collaborator,3 hr,ProjEx — OKR / Discovery & Agile Ceremonies,Item,Medium,Strategy documentation and communication,Align on the priorities in prep for next week.,
"January 21, 2026","Admin time (Diary, Journal, Email, Teams Messages)",Doer,30 min,General Admin,MX/SC,¯\_(ツ)_/¯,All of the Above,"Reivew and Document the day, Respond to messages and emails.",
"January 22, 2026",3rd Party PD Interview :: Mandy Sellers,Collaborator,15 min,ProjEx — OKR / Discovery & Agile Ceremonies,MX/SC,Medium,Focus on the why and the what,Added additional interview notes to the Loop doc,
"January 22, 2026",Roadmap for Item,Collaborator,30 min,Capital Expenses — The Work/Flows/Prototype,Item,High,Strategy documentation and communication,"A quick connect w/Vicki, Emilia, and Misty on a roadmap visual for Item experience and Item data",
"January 22, 2026",YE Reviews,Doer,15 min,General Admin,S/I/A,High,Capacity multiplication,Drafting more yE reviews based on updated submitted feedabck.,
"January 22, 2026",Vicki Roadmap Ask for KCC,Collaborator,6 hr,¯\_(ツ)_/¯,S/I/A,High,Strategy documentation and communication,Need to document and provide information to Vicki to support a conversation on the item setup roadmap that includes aspects of S/I/A,
"January 22, 2026",S/I/A - Effort Estimation - Office Hours,Facilitator,1 hr,ProjEx — OKR / Discovery & Agile Ceremonies,S/I/A,High,All of the Above,"Assisting the Team on their effort estimation efforts, working in the 2x2, activities, and prioritization.",
"January 23, 2026",PTO,,,,,,,,
"January 26, 2026","Admin time (Diary, OneView Journal, Email, Teams Messages)",Doer,30 min,General Admin,MX/SC,Medium,All of the Above,"Catch up from PTO; Extend EUIDs, Message Team on Effort Estimation",
"January 26, 2026",Design Work in Jira - Overview,Doer,30 min,General Admin,KTD,¯\_(ツ)_/¯,Personal or Professional Growth,Required Jira Training to support PD Investment to Value Delivered,
"January 26, 2026",Design Work in Jira - How To,Doer,30 min,General Admin,KTD,¯\_(ツ)_/¯,Personal or Professional Growth,How to work and implement Jira Spikes and Stories for PD,
"January 26, 2026",Misty / Tom - Connect Item OKRs,Collaborator,30 min,ProjEx — OKR / Discovery & Agile Ceremonies,S/I/A,High,Focus on the why and the what,"Review PPT file from last week - Vicki Ask.
Review and align on OKRs for Item. Review Effort Estimation board from IME and Supplier team to support the presentation.",
"January 26, 2026",Assortment Leads Connect,Collaborator,30 min,General Admin,Assortment,Medium,Build bridges not silos,Close out Q4; Connect Q1; KT for JP,
"January 26, 2026",Sam/ Tom 1:1,Collaborator,30 min,General Admin,Item,Medium,Build bridges not silos,"Discuss Item updates, Catch up on work events and focus. I shared some manager updates regarding [design] epics, Q1 OKR planning, and Assortment PM changes.",
"January 26, 2026",Jerad / Tom - 1:1,Collaborator,30 min,General Admin,Item,High,Capacity multiplication,"updates on work, check on Jerad's okrs and development goals",
"January 26, 2026",YE Reviews,Doer,1.5 hr,General Admin,KTD,High,Capacity multiplication,Focus on Lia and Nina Drafts,
"January 26, 2026",OneView Tasks and Assigments,Collaborator,30 min,General Admin,MX/SC,¯\_(ツ)_/¯,Finance and Accounting,Reviewed an email on oneview tasks. I needed to connect with Misty as there are many buckets and areas of this ask that are confusing.,
"January 27, 2026",OneView Tasks and Assigments,Collaborator,2.5 hr,General Admin,S/I/A,High,Finance and Accounting,"Collab on a PPT deck with Misty, Connect with Finance on Sourcing Funding (not within the presentation provided), work with Sarah for oneview for Tracy.",
"January 27, 2026",Steven S - Connect - IME,Facilitator,30 min,Capital Expenses — The Work/Flows/Prototype,Item,High,Strategy documentation and communication,Topics: Effort Estimation; IME/IWT conflicts; Training on Jira,
"January 27, 2026",Lindsey 1:1 - SACP,Facilitator,30 min,,Assortment,High,Strategy documentation and communication,Review Effort Estimation; Discuss team changes (jon); Discuss o9 training opportunity.,
"January 27, 2026",MSCX OKR Planning,Collaborator,1 hr,ProjEx — OKR / Discovery & Agile Ceremonies,MX/SC,Medium,Strategy documentation and communication,Review OKRs across KTD; Helped collaborate on the OKR writing,
"January 27, 2026",Mentor Connect - Liane Carpenter,Collaborator,30 min,General Admin,KTD,High,Build bridges not silos,Connected on research across ITEM & Assortment connected to her research in CX,
"January 27, 2026",Design Ops - Product Design Content POV,Collaborator,30 min,ProjEx — OKR / Discovery & Agile Ceremonies,MX/SC,High,Strategy documentation and communication,Review considerations with Tim Freeman on documentation and artifacts with DesignOps,
"January 27, 2026","Admin time (Diary, OneView Journal, Email, Teams Messages)",Doer,30 min,General Admin,Other,¯\_(ツ)_/¯,Personal or Professional Growth,"emails, teams messages, journal / diary",
"January 27, 2026",1:1 Michelle,Facilitator,30 min,General Admin,Assortment,High,Capacity multiplication,"Topics: Effort Estimation; OKRs, Personal Development; Leader Cascades",
"January 27, 2026",Jira Training,Enabler,15 min,General Admin,S/I/A,Medium,Personal or Professional Growth,"Contractors are unable to access myInfo. I reached out to Amy for links for training on Jira, shared link and helped review a few pages of the content to ensure it aligned with the training I recieved.",
"January 28, 2026",OneView Tasks and Assigments,Collaborator,1 hr,General Admin,S/I/A,High,Finance and Accounting,Collab on a PPT deck with Misty. Start to confirm my team members,
"January 28, 2026",OKR Planning at BTC,Collaborator,6 hr,ProjEx — OKR / Discovery & Agile Ceremonies,KTD,¯\_(ツ)_/¯,Strategy documentation and communication,OKR pre-kickoff,
"January 28, 2026",OneView Tasks and Assigments,Collaborator,1 hr,General Admin,S/I/A,High,Finance and Accounting,Start filling out the sheet for OneView Tasks (so confused),
"January 28, 2026",IT Issues - Lost Chrome and Disconnected from Kroger Network 🤬,Doer,30 min,General Admin,Other,¯\_(ツ)_/¯,Other,Network issue while working ...,
"January 28, 2026",PD Leaders meeting,Collaborator,45 min,General Admin,MX/SC,Medium,All of the Above,topics: mural e2e MX; YE Reviews & Talent Calibration,
"January 29, 2026",OneView Tasks and Assigments,Collaborator,45 min,General Admin,S/I/A,Medium,Finance and Accounting,Supporting other leaders and team members for timesheets. Also still collaborating with Misty on OneView ppt. Shared that with Assortment leads to aid in communications in that portfolio.,
"January 29, 2026",YE Review - RS,Doer,1.5 hr,General Admin,Item,High,Capacity multiplication,YE Review and EE Recommendation,
"January 29, 2026",[Design] Epic review - miranda,Collaborator,15 min,General Admin,Item,High,Strategy documentation and communication,Miranda seeking review and guidance on effort estimation and how she is considering documentation in PB.,
"January 29, 2026",1:1 Rob Sloan,Facilitator,45 min,General Admin,Item,Medium,Capacity multiplication,Topics: PID new work; Monitor issues; additional work,
"January 29, 2026",Effort Estimation w/Liz,Collaborator,30 min,General Admin,S/I/A,Medium,Strategy documentation and communication,"topics - how the process is going, feedback, udpates from areas, connect Liz with Shared Services based on an email I received.",
"January 29, 2026",Desktop support - For Rob,Collaborator,15 min,General Admin,KTD,¯\_(ツ)_/¯,Other,Connect to Dillon Tarr on Rob's monitor,
"January 29, 2026",OneView Tasks and Assigments,Collaborator,45 min,General Admin,S/I/A,Medium,Finance and Accounting,Updating team percentages for allocation,
"January 30, 2026",OneView Tasks and Assigments,Collaborator,30 min,General Admin,S/I/A,Medium,Finance and Accounting,Finalized first draft and sent to finance,
"January 30, 2026","Admin time (Diary, OneView Journal, Email, Teams Messages)",Doer,45 min,General Admin,MX/SC,Medium,All of the Above,"Push for timesheet submission and approval.
APT approvals
Oneview requests
Scan emails ...
Journal and Manager Diary",
"January 30, 2026",IME Update,Collaborator,45 min,Capital Expenses — The Work/Flows/Prototype,Item,Medium,Focus on the why and the what,"Overview of IME roadmap, next steps and team evolution",
"January 30, 2026",UPC Changes,Collaborator,30 min,Capital Expenses — The Work/Flows/Prototype,Item,Medium,Focus on the why and the what,reivew research readout - good example for a product showcase,
"January 30, 2026",1:1 Misty,Collaborator,30 min,Capital Expenses — The Work/Flows/Prototype,Item,Medium,All of the Above,"DIscuss a few topics that need addressed.
- Roadmap
- Team challenges
- Effort Estimation
- IME/IWT Task Management",
"January 30, 2026",1:1 Michelle,Collaborator,15 min,General Admin,Assortment,Medium,Capacity multiplication,Announce promotion,
"January 30, 2026",SACP / WFA Questions,Collaborator,30 min,Capital Expenses — The Work/Flows/Prototype,Assortment,Medium,Focus on the why and the what,Understand vfire licenses - need to follow-up with Rick,
"January 30, 2026",OKR Planning - presentation review,Collaborator,30 min,ProjEx — OKR / Discovery & Agile Ceremonies,MX/SC,Medium,Strategy documentation and communication,Review ppt for Monday,
"January 30, 2026",1:1 Lia,Collaborator,30 min,ProjEx — OKR / Discovery & Agile Ceremonies,Supplier,Medium,All of the Above,"RFI and support needs
Effort estimation review
FSMA 204 discussion",
"January 30, 2026",1:1 Brian Cox,Collaborator,30 min,ProjEx — OKR / Discovery & Agile Ceremonies,MX/SC,Medium,Build bridges not silos,discuss pm role and admin - understand complexities with funding. seeking help with admin vs strategic thinking,
"January 30, 2026",1:1 Colin,Collaborator,30 min,ProjEx — OKR / Discovery & Agile Ceremonies,Item,Medium,Strategy documentation and communication,"Discuss Family Tree/CFIC, Effort Estimation and capacity",
"January 30, 2026",1:1 Miranda,Collaborator,30 min,ProjEx — OKR / Discovery & Agile Ceremonies,Item,Medium,All of the Above,"Discuss SNAP, Effort Estimation, Personal development (AI, PowerBI)",
"January 30, 2026",1:1 David,Collaborator,30 min,ProjEx — OKR / Discovery & Agile Ceremonies,Item,Medium,Focus on the why and the what,Review IME/IWT workflows and UI,
"February 2, 2026","YE Reviews saved (RS, MB, LS)",Doer,3 hr,General Admin,S/I/A,High,Capacity multiplication,Getting from Draft to Saved for Submission,
"February 2, 2026","Admin Support - Jerad ask, Michelle Park, OneView Tasks",Doer,30 min,General Admin,MX/SC,Medium,All of the Above,"multiple tasks for finance, AI Pilot, Promotion, emails",
"February 2, 2026",Compliance Training,Doer,30 min,General Admin,KTD,Medium,Other,Situational Awareness Training 2026,
"February 2, 2026",Desktop / IT Support - CoPilot,Collaborator,15 min,General Admin,KTD,Medium,Other,"Copilot quit working in Teams. I worked with the Pilot teams channel. I then tried a few recommendations from the googles - Clear Cache, Reinstall ... it works now.",
"February 2, 2026",OKRs,Doer,2 hr,ProjEx — OKR / Discovery & Agile Ceremonies,KTD,Medium,All of the Above,Watching OKR presentations - listening for connections and updates,
"February 3, 2026",YE Reviews,Doer,1 hr,General Admin,MX/SC,High,Capacity multiplication,"Lia, Rev Rob's",
"February 3, 2026",Performance Calibrations,Doer,1 hr,General Admin,MX/SC,High,Capacity multiplication,discuss performance calibrations,
"February 3, 2026",Merch HUb & Insights - Q4/Q1 readout,Collaborator,1 hr,ProjEx — OKR / Discovery & Agile Ceremonies,MX/SC,Medium,Focus on the why and the what,review progress and connect on q1 SACP upcoming work,
"February 3, 2026",2026 Initiatives and Time Tracking Best Practices,Collaborator,1.5 hr,General Admin,Item,Medium,Finance and Accounting,revview and discuss task codes and expectations,
"February 3, 2026",1:1 Lia,Facilitator,30 min,ProjEx — OKR / Discovery & Agile Ceremonies,Supplier,High,Focus on the why and the what,Lia needed support on RFI Discussions,
"February 3, 2026",Email for Michelle's Promotion,Doer,1 hr,General Admin,Assortment,Medium,Capacity multiplication,create and shareout Michelle's promo notice,
"February 3, 2026","Admin - Email, Journal, Diary",Doer,1 hr,admin,MX/SC,Medium,All of the Above,Daily Check-up and Check-in,
"February 4, 2026",PTO - H&W,,,,,,,,
"February 5, 2026",Item LT Team Meeting,Collaborator,30 min,Capital Expenses — The Work/Flows/Prototype,Item,High,Build bridges not silos,Kickoff with Leadership team + Agile Delivery and Program Mgmt. Good first call.,
"February 5, 2026",1:1 Drew W - mentor,Collaborator,30 min,ProjEx — OKR / Discovery & Agile Ceremonies,KTD,High,Personal Professional Growth,"discuss - OKRs, Prioritization, Advice I am seeking …",
"February 5, 2026",ProductBoard - Item Discussion & Alignment,Collaborator,15 min,ProjEx — OKR / Discovery & Agile Ceremonies,Item,High,Delivery of strategy document,review of Q4 and carryover to Q1 roadmaps,
"February 5, 2026",Admin - Asks and Review - Surfacing,,,General Admin,MX/SC,High,Build bridges not silos,created a worksheet to discuss with MH,
"February 5, 2026",YE Reviews Updates (MP),Doer,30 min,General Admin,MX/SC,Medium,Capacity multiplication,updated notes for MP,
"February 5, 2026",1:1 Misty,Collaborator,45 min,Capital Expenses — The Work/Flows/Prototype,Item,High,Build bridges not silos,planning for Q1; discuss PD expectations; align on new teams in item,
"February 5, 2026",YE Assessments,Doer,30,General Admin,Supplier,High,Capacity multiplication,Lia ye assess,
"February 5, 2026","Admin - Email, Journal, Diary",Doer,1 hr,General Admin,MX/SC,Medium,Personal Professional Growth,"Daily Check-up and Check-in, created new spreadsheets to track work and my tasks",
"February 6, 2026",YE Assessments,,30 min,General Admin,MX/SC,Medium,Capacity multiplication,Lia assesssment,
"February 6, 2026",1:1 Lindsey,Collaborator,30 min,General Admin,MX/SC,Medium,ALL,artifacts; SACP,
"February 6, 2026",Assortment Presentation Need,Collaborator,30 min,Capital Expenses — The Work/Flows/Prototype,Assortment,Medium,Delegation,presentation need for 2/18 meeting,
"February 9, 2026","YE Review / Assessment Focus (LS,MP)",Doer,3 hr,General Admin,MX/SC,Medium,Build bridges not silos,making progress feels good,
"February 9, 2026",Calibration Meeting,Collaborator,30 min,General Admin,MX/SC,Medium,Build bridges not silos,this felt lull compared to previous. Didn’t get to present on Rob S,
"February 9, 2026","Admin time (Diary, OneView Journal, Email, Teams Messages)",Doer,2 hr,General Admin,MX/SC,Medium,Build bridges not silos,,
"February 9, 2026",OKRs - Item Close Q4 & Review Q1,Collaborator,1 hr,General Admin,MX/SC,Medium,Build bridges not silos,Interesting debate on scoring,
"February 9, 2026",Journal update,Doer,30 min,General Admin,MX/SC,Medium,Build bridges not silos,,
2/10/26,Figma Make - Overview (lunch),Collaborator,1 hr,General Admin,KTD,Medium,Personal Professional Growth,"I am torn (how it will work, the cost, feasibility)",
2/10/26,Item Attribute - Stakeholder Connect,Collaborator,45 min,ProjEx — OKR / Discovery & Agile Ceremonies,Assortment,Medium,Build bridges not silos,,
2/10/26,DesignOps Connect,Collaborator,1 hr,General Admin,Assortment,Medium,Build bridges not silos,good discussion on assessing PDs in the work,
2/10/26,S/I/A - Team Meeting,Collaborator,30 min,ProjEx — OKR / Discovery & Agile Ceremonies,Assortment,Medium,ALL,"Overview of Jira, Uplifts, Many questions, A lot to cover.",
2/10/26,"Admin - Team meeting Mural, Journal Update",Collaborator,45 min,General Admin,Assortment,Medium,ALL,,
2/10/26,1:1 Nina - Review Assortment Presentation,Collaborator,45 min,Capital Expenses — The Work/Flows/Prototype,Assortment,Medium,Delivery of strategy document,1st draft of presentation for Assortment,
2/10/26,Q4 Merch Portfolio OKR Grade & Close,Collaborator,30 min,ProjEx — OKR / Discovery & Agile Ceremonies,Assortment,Low,Build bridges not silos,,
2/10/26,1:1 Lindsey C,Collaborator,30 min,Capital Expenses — The Work/Flows/Prototype,Assortment,High,ALL,"Discuss draft for assortment, discuss her potential path as a pd or toward another career path.",
2/10/26,Assortment Leader Connect,Collaborator,30 min,Capital Expenses — The Work/Flows/Prototype,Assortment,Medium,Build bridges not silos,1st meeting with Sam Kelly; Oneview; How we realign to our business stakeholders and build back up that relationship,
2/10/26,Steven / Tom Connect (Artifcacts & IME),Collaborator,30 min,Capital Expenses — The Work/Flows/Prototype,Assortment,Medium,ALL,IME Pid/PIM and artifacts,
2/10/26,1:1 Sam,Collaborator,30 min,General Admin,Assortment,Medium,ALL,Discuss Item …,
2/11/26,Compliance Training,Doer,1 hr,General Admin,KTD,Medium,Personal Professional Growth,redo the Jira training due to myinfo issue + other training - All training complete,
2/11/26,Scrum Boards - Find & Align for S/A/I,Doer,30 min,ProjEx — OKR / Discovery & Agile Ceremonies,S/I/A,Medium,Standards & docs,Ensuring I understand and have the spaces for S/I/A,
2/11/26,Review Sharepoint Spaces for Artifacts,Collaborator,45 min,ProjEx — OKR / Discovery & Agile Ceremonies,S/I/A,Medium,Standards & docs,I was supplied a few sharepoint directories. I am getting familiarized with how PMs are using them and organizing the files for our teams. I wanted to start digging where our teams are adding artifacts within.,
2/11/26,1:1 Juli Luebbe,Collaborator,30 min,General Admin,KTD,Medium,Build bridges not silos,Connect with Juli (qtrly),
2/11/26,AI Training - Jared & Pierce,Collaborator,1 hr,Training — Corp / Personal Dev,KTD,Medium,Personal Professional Growth,good overview but felt it might have been an intermediate presentation. I did share intro training for those asking to get grounded in using Claude.,
2/11/26,YE Review - Review new submitted feedback for Lia,Doer,15 min,General Admin,Supplier,Medium,Capacity multiplication,Former manager submitted info. I reviewed to begin making updates to my draft,
2/11/26,Support Facilitator Troubleshoot - Miranda,Collaborator,30 min,General Admin,MX/SC,Medium,Other,Seems there is a requirement to enable Faciliitation in Teams,
2/11/26,AI Drivers License,Doer,2.5 hr,Training — Corp / Personal Dev,KTD,Medium,Personal Professional Growth,Working through all the videos and assessments. I am into the 4th section which has sections within sections. I have completed 2 courses in Microsoft and signed up for Anthtropic's AI Fluency course. I think Antrhopic's course is optional.,
2/11/26,Admin - Mix,Doer,2.5 hr,Training — Corp / Personal Dev,MX/SC,Medium,ALL,"Sarah looking for PPT files, Journal, Review Todos for today",
2/11/26,Venus / RMS / Item Setup support,Collaborator,15 min,ProjEx — OKR / Discovery & Agile Ceremonies,Item,High,Build bridges not silos,Christina S is seeking a designer to support some visuals. I am connecting her with Andrew to help mock up designs.,
2/11/26,WHS/RMS/IME - Mandy Sellers,Collaborator,15 min,ProjEx — OKR / Discovery & Agile Ceremonies,MX/SC,Medium,Build bridges not silos,"Mandy seeking connection across to help with her research and mapping. I helped connect her with Steven, Rob, and ensure she is connected with moises. Meeting to be scheduled.",
2/12/26,"Admin - Emails, Clear Calendar, Mgr. Diary",Doer,15 min,General Admin,MX/SC,Medium,Other,Starting the day trying to get a fresh start and look ahead to the upcoming days and next week.,
2/12/26,Prep for Office Hours with Jira,Doer,30 min,General Admin,MX/SC,Medium,Delivery of strategy document,I have questions for jira and pb. setting up a doc with questions and examples to walk through with CJ Jang.,
2/12/26,3rd party pres - updating template,Doer,1 hr,Training — Corp / Personal Dev,MX/SC,Medium,Other,updating content for presentation to leadership,
2/12/26,Roadmap Review for Item and Supplier,Collaborator,1 hr,Training — Corp / Personal Dev,MX/SC,Medium,Delivery of strategy document,roadmap overview and okr reviews,
2/13/26,"Admin - Emails, Clear Calendar, Mgr. Diary",Doer,1 hr,Training — Corp / Personal Dev,S/I/A,Medium,ALL,"catchup, reflect, document",
2/13/26,1:1 Beth Gray,Collaborator,30 min,ALL,MX/SC,Medium,Capacity multiplication,connect with Beth - topic AI work,
2/13/26,Jira Office Hours,Collaborator,1 hr,ProjEx  — OKR / Discovery & Agile Ceremonies,KTD,Medium,Standards & docs,Setting up dashboards for S/I/A. Asking questions for clarity,
2/13/26,YE Review - LS; JR,Collaborator,1 hr,General Admin,MX/SC,High,Capacity multiplication,YE Review updates in MyInfo,
2/13/26,"IME PDs Focus Alignment - (JR, RS, SS)",Collaborator,30 min,General Admin,MX/SC,High,Capacity multiplication,Team shifts. Aligning with team on who is on what.,
2/13/26,Item Data Connect (Emilia / Tom),Collaborator,30 min,ALL,MX/SC,Medium,Build bridges not silos,"Connect on current work, design needs and updates; Discovery document",
2/13/26,1:1 Miranda,Collaborator,30 min,ALL,Item,Medium,Capacity multiplication,Topic: SNAP; Personal Development,
2/13/26,1:1 Megan Richter,Collaborator,30 min,General Admin,KTD,Medium,Build bridges not silos,Catch up on work in CX and ties to our Portfolios,
2/13/26,1:1 Rob Sloan,Collaborator,30 min,ALL,Item,Medium,ALL,"Documentation, PID, Development plans",
2/13/26,1:1 David Oberholtzer,Collaborator,30 min,ALL,Item,Medium,ALL,Documentation and IWT,
2/13/26,Jira Dashboard / PB Dashboard,Doer,1 hr,ProjEx  — OKR / Discovery & Agile Ceremonies,MX/SC,High,Delivery of strategy document,Updating dashboard based on Office hours discussion.,
2/16/26,AI Drivers License / Multi-tasking,Doer,1.5 hr,ProjEx  — OKR / Discovery & Agile Ceremonies,MX/SC,¯\_(ツ)_/¯,Delivery of strategy document,Listended to more courses in the background. Some were applicable others not so much … Good background noise though.,
2/16/26,Nina /Lindsey - Presentation Discussion,Collaborator,1 hr,ProjEx  — OKR / Discovery & Agile Ceremonies,MX/SC,High,Delivery of strategy document,"Review presentation, assess content and visuals, provide recommendations.",
2/16/26,"YE Update and Save Reviews (LS, JR, LC, NL)",Doer,3 hr,ProjEx  — OKR / Discovery & Agile Ceremonies,MX/SC,High,Delivery of strategy document,Saved into myInfo. Updated others,
2/16/26,Rob S - APT Request,Doer,15 min,ProjEx  — OKR / Discovery & Agile Ceremonies,MX/SC,High,Delivery of strategy document,"APT requests, Email responses for request",
2/16/26,1:1 Jenna R,Collaborator,30 min,ProjEx  — OKR / Discovery & Agile Ceremonies,MX/SC,Medium,Delivery of strategy document,"connect with Jenna. We discussed OOD Facilitation, Fresh Research, Luma Facilitation",
2/16/26,Update Jira Dashboard,Doer,15 min,ProjEx  — OKR / Discovery & Agile Ceremonies,S/I/A,Medium,Delivery of strategy document,I was provided more access. I updated the jql and dashboard to visualize the team,
2/16/26,1:1 Lia,Collaborator,30 min,ALL,Supplier,High,ALL,"topics: artifacts, RFI, support needs for RFI.",
2/16/26,Set up Claude Code!,Doer,45 min,General Admin,KTD,¯\_(ツ)_/¯,Personal Professional Growth,"finished some claude code training, set up api key; set up claude code! Woo!",
2/16/26,"Admin - Email, Journal, Diary",Doer,30 min,General Admin,MX/SC,Medium,ALL,"journal, emails, manage calendar for the week, OneView approvals; complete daily diary.",
,,,,,,,,,
,,,,,,,,,
,,,,,,,,,
,,,,,,,,,
,,,,,,,,,
,,,,,,,,,